City_ID,City,Lat,Lng,Max Temp,Humidity,Cloudiness,Wind Speed,Country,Date
0,Mataura,-46.1927,168.8643,60.48,72,98,2.89,NZ,2022-05-07 03:03:45
1,Busselton,-33.65,115.3333,65.7,51,0,9.8,AU,2022-05-07 03:03:42
2,Gravenhurst,44.9168,-79.3663,48.54,47,100,8.25,CA,2022-05-07 03:06:14
3,Canico,32.6333,-16.85,68.63,45,20,10.36,PT,2022-05-07 03:06:40
4,Kruisfontein,-34.0033,24.7314,56.12,92,94,8.37,ZA,2022-05-07 03:06:40
5,Vaini,-21.2,-175.2,78.96,73,75,11.5,TO,2022-05-07 03:05:04
6,Pacific Grove,36.6177,-121.9166,62.82,86,20,8.05,US,2022-05-07 03:04:45
7,Hit,33.6416,42.8251,60.98,60,72,17.87,IQ,2022-05-07 03:06:41
8,Dikson,73.5069,80.5464,18.63,89,100,12.82,RU,2022-05-07 03:03:41
9,Yellowknife,62.456,-114.3525,48.56,79,100,18.01,CA,2022-05-07 03:01:26
10,Enshi,30.3,109.4833,82.67,54,73,1.14,CN,2022-05-07 03:06:42
11,Honiara,-9.4333,159.95,86.38,71,80,7.76,SB,2022-05-07 03:06:43
12,Ushuaia,-54.8,-68.3,39.02,98,100,7.4,AR,2022-05-07 03:03:46
13,Jasper,37.2001,-94.3502,62.02,90,100,0.0,US,2022-05-07 03:06:43
14,Camacha,33.0833,-16.3333,58.42,88,20,12.66,PT,2022-05-07 03:06:44
15,New Norfolk,-42.7826,147.0587,53.1,81,100,8.99,AU,2022-05-07 03:06:44
16,Abong Mbang,3.9833,13.1833,67.28,99,100,0.78,CM,2022-05-07 03:06:45
17,Hithadhoo,-0.6,73.0833,83.66,76,58,14.56,MV,2022-05-07 03:05:18
18,Longyearbyen,78.2186,15.6401,19.24,79,20,10.36,SJ,2022-05-07 03:03:51
19,Castro,-24.7911,-50.0119,50.67,98,2,5.28,BR,2022-05-07 03:03:37
20,Gallup,35.5281,-108.7426,68.02,15,0,4.61,US,2022-05-07 03:04:19
21,Rikitea,-23.1203,-134.9692,77.13,85,100,13.02,PF,2022-05-07 03:02:27
22,Havelock,34.8791,-76.9013,75.18,89,100,11.48,US,2022-05-07 03:06:46
23,Ribeira Grande,38.5167,-28.7,60.8,68,62,4.38,PT,2022-05-07 03:03:40
24,Vizinga,61.0749,50.1031,43.48,76,79,8.37,RU,2022-05-07 03:06:47
25,Albany,42.6001,-73.9662,52.39,45,100,5.95,US,2022-05-07 03:00:21
26,Klaksvik,62.2266,-6.589,34.72,66,22,10.22,FO,2022-05-07 03:06:47
27,Jevargi,17.0167,76.7667,96.19,24,55,10.83,IN,2022-05-07 03:06:48
28,Edgewater,28.9889,-80.9023,81.16,63,100,11.95,US,2022-05-07 03:06:48
29,Kuala Terengganu,5.3302,103.1408,83.75,80,100,9.08,MY,2022-05-07 03:06:49
30,Mar Del Plata,-38.0023,-57.5575,57.87,96,96,1.01,AR,2022-05-07 03:03:44
31,Matara,5.9485,80.5353,85.19,75,72,11.18,LK,2022-05-07 03:06:50
32,Sao Joao Da Barra,-21.6403,-41.0511,68.38,78,0,9.08,BR,2022-05-07 03:06:50
33,Kavieng,-2.5744,150.7967,85.46,66,62,13.51,PG,2022-05-07 03:06:51
34,Ilulissat,69.2167,-51.1,23.02,63,12,5.75,GL,2022-05-07 03:06:51
35,Santa Isabel Do Rio Negro,-0.4139,-65.0192,73.4,100,100,2.55,BR,2022-05-07 03:06:52
36,Atuona,-9.8,-139.0333,79.05,73,12,15.03,PF,2022-05-07 03:03:40
37,Warri,5.5167,5.75,75.9,87,100,3.38,NG,2022-05-07 03:06:53
38,Taltal,-25.4,-70.4833,60.42,87,100,1.07,CL,2022-05-07 03:06:54
39,Gat,31.61,34.7642,60.4,100,11,6.55,IL,2022-05-07 03:06:54
40,Cape Town,-33.9258,18.4232,56.88,89,75,11.5,ZA,2022-05-07 02:59:40
41,San Quintin,30.4833,-115.95,59.79,87,0,7.47,MX,2022-05-07 03:06:55
42,Salalah,17.0151,54.0924,80.08,79,42,5.28,OM,2022-05-07 03:02:29
43,Bahir Dar,11.5936,37.3908,68.52,55,46,1.92,ET,2022-05-07 03:06:59
44,Saint-Michel-Des-Saints,46.6834,-73.9159,32.94,64,0,4.59,CA,2022-05-07 03:06:59
45,Brae,60.3964,-1.353,42.28,65,39,11.43,GB,2022-05-07 03:08:00
46,Kahului,20.8947,-156.47,78.82,68,100,18.41,US,2022-05-07 03:08:00
47,Arraial Do Cabo,-22.9661,-42.0278,72.12,77,2,19.71,BR,2022-05-07 03:04:56
48,Port Alfred,-33.5906,26.891,60.19,89,92,11.65,ZA,2022-05-07 03:05:09
49,Oistins,13.0667,-59.5333,80.69,78,40,14.97,BB,2022-05-07 03:08:01
50,Adrar,20.5022,-10.0711,80.55,14,0,9.15,MR,2022-05-07 03:03:52
51,Waddan,29.1614,16.139,64.29,69,100,12.26,LY,2022-05-07 03:08:02
52,Saint-Joseph,-21.3667,55.6167,68.38,80,38,12.26,RE,2022-05-07 03:08:02
53,Bengkulu,-3.8004,102.2655,82.33,73,83,10.22,ID,2022-05-07 03:03:45
54,Punta Arenas,-53.15,-70.9167,44.11,87,100,10.36,CL,2022-05-07 03:03:43
55,Jamestown,42.097,-79.2353,51.03,93,100,9.22,US,2022-05-07 03:04:43
56,Chokurdakh,70.6333,147.9167,27.39,85,98,5.26,RU,2022-05-07 03:05:16
57,Vila Velha,-20.3297,-40.2925,75.15,78,0,9.22,BR,2022-05-07 03:08:04
58,North Bend,43.4065,-124.2243,53.85,96,100,17.27,US,2022-05-07 03:00:18
59,Senador Guiomard,-10.1522,-67.7392,73.15,84,0,2.89,BR,2022-05-07 03:08:04
60,Abalak,58.1286,68.5944,33.03,64,77,10.27,RU,2022-05-07 03:08:05
61,Labuhan,-6.8844,112.2051,85.68,71,64,4.52,ID,2022-05-07 03:04:59
62,Hofn,64.2539,-15.2082,39.4,50,100,4.94,IS,2022-05-07 03:08:06
63,Katakwi,1.8911,33.9661,63.88,94,75,2.3,UG,2022-05-07 03:08:06
64,Rockport,28.0206,-97.0544,80.65,91,20,12.66,US,2022-05-07 03:08:07
65,Puerto Ayora,-0.7393,-90.3518,72.36,92,67,7.61,EC,2022-05-07 03:08:07
66,Bluff,-46.6,168.3333,60.8,68,100,13.96,NZ,2022-05-07 03:03:35
67,Venice,27.0998,-82.4543,80.64,89,40,12.66,US,2022-05-07 03:04:23
68,Sitka,57.0531,-135.33,46.29,71,0,6.91,US,2022-05-07 03:08:08
69,Tanete,-3.9443,119.7848,83.73,75,99,4.9,ID,2022-05-07 03:08:09
70,Lebu,-37.6167,-73.65,52.3,92,73,8.14,CL,2022-05-07 03:08:09
71,Bethel,41.3712,-73.414,51.91,91,100,0.0,US,2022-05-07 03:07:49
72,Tuatapere,-46.1333,167.6833,62.69,66,100,7.78,NZ,2022-05-07 03:08:10
73,San Policarpo,12.1791,125.5072,85.28,71,8,12.06,PH,2022-05-07 03:08:10
74,Padang,-0.9492,100.3543,80.65,96,100,5.23,ID,2022-05-07 03:08:11
75,Horsham,51.064,-0.3272,55.53,89,40,3.44,GB,2022-05-07 03:08:11
76,Lavrentiya,65.5833,-171.0,27.46,84,37,4.94,RU,2022-05-07 03:08:12
77,Burlatskoye,45.0564,43.635,43.81,75,100,9.22,RU,2022-05-07 03:08:12
78,Gurlan,41.8447,60.3919,69.87,28,41,12.91,UZ,2022-05-07 03:08:13
79,Avarua,-21.2078,-159.775,87.85,74,8,8.05,CK,2022-05-07 03:04:45
80,Hamilton,39.1834,-84.5333,58.98,95,100,18.41,US,2022-05-07 03:06:24
81,Whitehorse,60.7161,-135.0538,41.81,56,100,3.0,CA,2022-05-07 03:04:55
82,Kijang,35.2442,129.2139,74.64,46,80,6.67,KR,2022-05-07 03:08:14
83,Severo-Kurilsk,50.6789,156.125,44.33,87,90,8.52,RU,2022-05-07 03:08:15
84,Outjo,-20.1167,16.15,55.08,47,0,1.68,NA,2022-05-07 03:08:15
85,Kjollefjord,70.9457,27.3465,39.25,95,100,12.57,NO,2022-05-07 03:08:16
86,Bethlehem,-1.4558,-48.5044,75.24,94,40,3.44,BR,2022-05-07 03:06:07
87,Airai,-8.9266,125.4092,69.62,78,70,3.67,TL,2022-05-07 03:08:16
88,Tucuman,-26.8241,-65.2226,51.8,100,59,3.44,AR,2022-05-07 03:08:17
89,Butaritari,3.0707,172.7902,81.64,71,100,11.5,KI,2022-05-07 03:08:17
90,Esfarayen,37.0765,57.5101,71.47,40,72,2.68,IR,2022-05-07 03:08:18
91,Portland,45.5234,-122.6762,55.33,86,100,10.36,US,2022-05-07 03:06:42
92,Byron Bay,-28.65,153.6167,68.94,94,100,8.79,AU,2022-05-07 03:06:12
93,Talnakh,69.4865,88.3972,19.4,84,100,8.79,RU,2022-05-07 03:06:51
94,Iqaluit,63.7506,-68.5145,13.73,85,20,10.36,CA,2022-05-07 03:09:19
95,Broome,42.2506,-75.833,53.2,91,75,5.75,US,2022-05-07 03:09:20
96,Hobart,-42.8794,147.3294,53.46,91,75,13.8,AU,2022-05-07 03:09:20
97,Marzuq,14.4,46.4667,72.34,32,0,4.94,YE,2022-05-07 03:09:21
98,Krasnoselkup,65.7,82.4667,24.26,82,100,26.44,RU,2022-05-07 03:09:21
99,Muli,2.9167,73.5667,84.22,76,85,13.94,MV,2022-05-07 03:09:22
100,Dali,25.7,100.1833,72.3,46,5,2.42,CN,2022-05-07 03:09:22
101,Hukuntsi,-24.0,21.75,60.48,38,0,10.22,BW,2022-05-07 03:09:23
102,Kapaa,22.0752,-159.319,80.58,82,100,16.11,US,2022-05-07 03:06:57
103,Kaitangata,-46.2817,169.8464,63.52,64,100,3.44,NZ,2022-05-07 03:09:23
104,Hermanus,-34.4187,19.2345,53.8,88,100,11.52,ZA,2022-05-07 03:03:57
105,Bredasdorp,-34.5322,20.0403,55.94,93,100,4.97,ZA,2022-05-07 03:09:24
106,Shimoda,34.6667,138.95,66.11,85,93,11.18,JP,2022-05-07 03:09:25
107,Taoudenni,22.6783,-3.9836,84.87,13,14,10.6,ML,2022-05-07 03:09:25
108,Chuy,-33.6971,-53.4616,56.3,88,0,3.89,UY,2022-05-07 03:09:26
109,Carlagan,14.975,122.0456,84.04,75,16,9.33,PH,2022-05-07 03:09:27
110,Kapoeta,4.7717,33.5903,78.75,57,48,12.75,SS,2022-05-07 03:09:27
111,Acuitzio,20.345,-101.9771,75.6,25,79,1.01,MX,2022-05-07 03:09:28
112,Hilo,19.7297,-155.09,84.27,98,100,6.31,US,2022-05-07 03:00:04
113,Ponta Do Sol,32.6667,-17.1,68.63,48,85,4.41,PT,2022-05-07 03:03:53
114,Makat,47.6469,53.3463,49.71,45,59,18.79,KZ,2022-05-07 03:09:29
115,Constitucion,-35.3333,-72.4167,53.85,84,7,12.01,CL,2022-05-07 03:09:29
116,Saint George,37.1041,-113.5841,84.79,15,0,8.05,US,2022-05-07 03:07:41
117,Leningradskiy,69.3833,178.4167,24.31,90,100,6.46,RU,2022-05-07 03:09:30
118,Lastoursville,-0.8143,12.7287,71.33,100,100,0.76,GA,2022-05-07 03:09:30
119,Torbay,47.6666,-52.7314,35.28,90,48,5.99,CA,2022-05-07 03:05:10
120,State College,40.7934,-77.86,50.22,96,100,9.22,US,2022-05-07 03:05:02
121,Ocos,14.5094,-92.1933,75.38,73,84,3.56,GT,2022-05-07 03:09:31
122,Zhanakorgan,43.9098,67.2495,80.37,33,2,9.55,KZ,2022-05-07 03:09:32
123,La Palma,33.8464,-118.0467,76.33,76,40,5.75,US,2022-05-07 03:08:25
124,Dwarka,22.2394,68.9678,83.62,67,0,16.17,IN,2022-05-07 03:09:32
125,Lixourion,38.2019,20.4314,60.24,78,17,9.01,GR,2022-05-07 03:09:33
126,Meulaboh,4.1363,96.1285,79.54,84,100,4.59,ID,2022-05-07 03:09:34
127,Ghanzi,-21.5667,21.7833,59.76,36,3,5.66,BW,2022-05-07 03:09:34
128,Jaque,7.5175,-78.1703,77.34,86,88,4.32,PA,2022-05-07 03:09:35
129,Kodiak,57.79,-152.4072,45.91,71,100,12.66,US,2022-05-07 03:05:16
130,Mingaora,34.7758,72.3625,78.91,32,0,2.51,PK,2022-05-07 03:09:35
131,Dubovka,49.0583,44.829,40.15,56,30,14.14,RU,2022-05-07 03:09:36
132,Pevek,69.7008,170.3133,29.62,96,100,4.36,RU,2022-05-07 03:03:42
133,Muros,42.7762,-9.0603,56.16,71,16,7.36,ES,2022-05-07 03:09:37
134,Port Elizabeth,-33.918,25.5701,63.32,79,94,5.99,ZA,2022-05-07 03:00:17
135,Georgetown,5.4112,100.3354,87.75,74,20,5.75,MY,2022-05-07 02:59:41
136,Payson,40.0444,-111.7321,72.88,32,100,5.75,US,2022-05-07 03:09:37
137,Aklavik,68.2191,-135.0107,31.8,82,100,4.27,CA,2022-05-07 03:09:38
138,Mukhen,48.1,136.1,56.52,32,99,6.42,RU,2022-05-07 03:09:38
139,Port Hedland,-20.3167,118.5667,84.25,34,0,17.27,AU,2022-05-07 03:09:39
140,Zhigansk,66.7697,123.3711,28.0,62,94,9.01,RU,2022-05-07 03:09:39
141,Anuppur,23.1,81.6833,95.4,18,7,3.74,IN,2022-05-07 03:10:40
142,Vijes,3.6993,-76.4423,69.78,94,75,4.61,CO,2022-05-07 03:10:41
143,Pisco,-13.7,-76.2167,63.01,93,6,1.57,PE,2022-05-07 03:03:52
144,Nikolskoye,59.7035,30.7861,49.87,93,33,6.91,RU,2022-05-07 03:03:48
145,Hasaki,35.7333,140.8333,72.0,76,49,12.3,JP,2022-05-07 03:10:42
146,Otradnaya,44.3933,41.5206,40.64,96,100,13.42,RU,2022-05-07 03:10:42
147,Ozinki,51.1786,49.6769,41.74,55,26,10.36,RU,2022-05-07 03:10:42
148,Deputatskiy,69.3,139.9,26.31,82,86,3.78,RU,2022-05-07 03:10:43
149,Pouembout,-21.1333,164.9,79.79,60,51,8.28,NC,2022-05-07 03:10:44
150,Beberibe,-4.1797,-38.1306,77.68,87,99,9.19,BR,2022-05-07 03:10:44
151,Upernavik,72.7868,-56.1549,2.98,85,4,6.11,GL,2022-05-07 03:09:27
152,Cidreira,-30.1811,-50.2056,61.38,71,100,0.83,BR,2022-05-07 03:05:17
153,Sambhal,28.5833,78.55,91.8,24,0,8.3,IN,2022-05-07 03:10:45
154,Fort Nelson,58.8053,-122.7002,43.79,78,100,10.36,CA,2022-05-07 03:09:54
155,Souillac,-20.5167,57.5167,73.89,70,1,13.53,MU,2022-05-07 03:10:46
156,Rio Gallegos,-51.6226,-69.2181,50.05,57,100,23.02,AR,2022-05-07 03:10:46
157,Port Blair,11.6667,92.75,80.64,94,100,8.05,IN,2022-05-07 03:10:47
158,Svetlyy,54.675,20.1347,44.96,91,0,8.05,RU,2022-05-07 03:10:47
159,Ambovombe,-25.1667,46.0833,69.1,89,4,5.21,MG,2022-05-07 03:07:26
160,Tingi,-11.3,35.0333,59.05,88,13,3.11,TZ,2022-05-07 03:10:48
161,Mangai,-4.05,19.5333,71.29,81,100,0.38,CD,2022-05-07 03:10:49
162,Jardim,-21.4803,-56.1381,61.29,85,3,4.16,BR,2022-05-07 03:10:49
163,Saint-Louis,16.3333,-15.0,82.4,21,3,15.55,SN,2022-05-07 03:10:50
164,Saint Anthony,45.0205,-93.218,62.53,41,0,6.91,US,2022-05-07 03:09:51
165,Vila Franca Do Campo,37.7167,-25.4333,65.19,93,100,6.87,PT,2022-05-07 03:10:50
166,Berlevag,70.8578,29.0864,39.0,97,100,12.26,NO,2022-05-07 03:10:51
167,Aiken,33.5835,-81.5998,71.58,94,100,11.5,US,2022-05-07 03:09:48
168,Katsuura,35.1333,140.3,66.38,84,75,13.11,JP,2022-05-07 03:10:51
169,Umm Kaddadah,13.6017,26.6876,76.6,13,80,14.92,SD,2022-05-07 03:10:52
170,Lompoc,34.6391,-120.4579,63.57,86,100,32.99,US,2022-05-07 03:10:53
171,Provideniya,64.3833,-173.3,31.98,86,58,10.51,RU,2022-05-07 03:10:53
172,Jinka,5.65,36.65,60.55,92,85,3.42,ET,2022-05-07 03:10:54
173,Ancud,-41.8697,-73.8203,52.84,90,100,10.0,CL,2022-05-07 03:10:54
174,Purpe,64.4803,76.6897,19.15,91,100,26.91,RU,2022-05-07 03:10:55
175,Ahipara,-35.1667,173.1667,67.68,60,5,1.41,NZ,2022-05-07 03:10:55
176,Khatanga,71.9667,102.5,14.7,88,95,17.74,RU,2022-05-07 03:10:56
177,Kontagora,10.3999,5.4695,80.74,58,100,4.45,NG,2022-05-07 03:10:56
178,Thinadhoo,0.5333,72.9333,83.64,77,72,15.05,MV,2022-05-07 03:10:57
179,Vostok,46.4856,135.8833,40.57,91,100,5.08,RU,2022-05-07 03:10:57
180,Tunceli,39.1083,39.5471,48.02,85,90,2.73,TR,2022-05-07 03:10:58
181,Richards Bay,-28.783,32.0377,62.78,71,0,4.36,ZA,2022-05-07 03:10:58
182,Anzio,41.4853,12.6179,63.32,71,71,6.96,IT,2022-05-07 03:10:59
183,Inuvik,68.3499,-133.7218,30.67,83,100,2.08,CA,2022-05-07 03:10:59
184,High Level,58.5169,-117.136,40.14,97,100,12.57,CA,2022-05-07 03:11:00
185,Urengoy,65.9667,78.3667,18.19,93,89,19.98,RU,2022-05-07 03:11:00
186,Barrow,71.2906,-156.7887,21.22,93,100,16.11,US,2022-05-07 03:12:01
187,Marawi,7.9986,124.2928,83.71,54,31,4.99,PH,2022-05-07 03:12:02
188,Dongsheng,39.8161,109.9776,50.27,39,100,13.58,CN,2022-05-07 03:12:02
189,Wadi Musa,30.3222,35.4793,44.47,61,0,2.24,JO,2022-05-07 03:12:03
190,Chara,56.9064,118.2631,41.67,52,22,4.56,RU,2022-05-07 03:12:03
191,Komsomolskiy,40.4272,71.7189,68.72,52,3,4.61,UZ,2022-05-07 03:12:04
192,Ilhabela,-23.7781,-45.3581,65.37,83,5,4.29,BR,2022-05-07 03:12:04
193,Nome,64.5011,-165.4064,34.16,74,0,19.57,US,2022-05-07 03:11:27
194,Picos,-7.0769,-41.4669,73.78,57,11,3.2,BR,2022-05-07 03:12:09
195,Puerto Escondido,15.85,-97.0667,81.43,74,0,0.0,MX,2022-05-07 03:12:10
196,Qinzhou,21.95,108.6167,81.37,72,96,8.99,CN,2022-05-07 03:12:10
197,Trat,12.5,102.5,83.91,66,94,3.6,TH,2022-05-07 03:12:11
198,Sabha,27.0377,14.4283,69.85,42,84,16.42,LY,2022-05-07 03:12:11
199,Tairua,-37.0167,175.85,62.78,71,66,2.53,NZ,2022-05-07 03:12:12
200,Turukhansk,65.8167,87.9833,28.22,97,95,13.96,RU,2022-05-07 03:12:12
201,Hailar,49.2,119.7,57.97,14,2,21.32,CN,2022-05-07 03:12:13
202,Victoria,22.2855,114.1577,80.65,75,100,8.01,HK,2022-05-07 03:08:34
203,Poronaysk,49.2167,143.1167,52.83,48,100,7.31,RU,2022-05-07 03:12:13
204,Samarai,-10.6167,150.6667,84.67,72,66,12.01,PG,2022-05-07 03:12:14
205,Taonan,45.3333,122.7833,60.53,14,0,13.94,CN,2022-05-07 03:12:15
206,Fairview,40.8126,-73.999,51.12,92,100,12.66,US,2022-05-07 03:09:55
207,Qaanaaq,77.484,-69.3632,12.04,82,100,3.4,GL,2022-05-07 03:12:15
208,La Ronge,55.1001,-105.2842,52.02,71,75,14.97,CA,2022-05-07 03:00:17
209,San Giorgio Del Sannio,41.0696,14.8522,58.44,99,99,6.24,IT,2022-05-07 03:12:16
210,Clyde River,70.4692,-68.5914,1.63,85,40,6.91,CA,2022-05-07 03:12:17
211,Norman Wells,65.282,-126.8329,41.85,67,100,2.39,CA,2022-05-07 03:12:18
212,Tiznit,29.5833,-9.5,71.62,21,100,4.07,MA,2022-05-07 03:12:18
213,Vao,-22.6667,167.4833,75.33,70,54,20.27,NC,2022-05-07 03:12:19
214,Kosh-Agach,50.0,88.6667,50.32,41,0,2.57,RU,2022-05-07 03:12:20
215,Gombong,-7.6072,109.5142,86.94,68,99,3.13,ID,2022-05-07 03:12:20
216,San Juan,-31.5375,-68.5364,61.05,44,100,0.87,AR,2022-05-07 03:12:21
217,Talcahuano,-36.7167,-73.1167,53.28,94,100,9.22,CL,2022-05-07 03:12:22
218,Tessalit,20.1986,1.0114,85.46,19,100,7.09,ML,2022-05-07 03:12:22
219,Korla,41.7597,86.1469,77.0,29,2,5.48,CN,2022-05-07 03:12:23
220,Epiniana,39.1429,21.6134,48.74,80,92,5.79,GR,2022-05-07 03:12:24
221,Sao Gabriel Da Cachoeira,-0.1303,-67.0892,72.95,100,100,2.93,BR,2022-05-07 03:12:25
222,Ukiah,39.1502,-123.2078,60.44,75,100,6.91,US,2022-05-07 03:12:25
223,Spas-Demensk,54.4122,34.0226,44.85,78,100,5.84,RU,2022-05-07 03:12:26
224,Houma,29.5958,-90.7195,75.99,89,0,1.99,US,2022-05-07 03:10:12
225,Takoradi,4.8845,-1.7554,77.36,84,100,3.74,GH,2022-05-07 03:12:27
226,Ust-Tarka,55.5672,75.705,39.38,38,0,20.71,RU,2022-05-07 03:12:28
227,Nur,52.6683,22.3221,44.08,91,2,2.64,PL,2022-05-07 03:12:28
228,Batagay-Alyta,67.8006,130.4114,30.36,63,8,15.59,RU,2022-05-07 03:12:29
229,Andenes,69.3143,16.1194,39.18,87,40,25.32,NO,2022-05-07 03:12:29
230,Vardo,70.3705,31.1107,40.57,93,100,18.54,NO,2022-05-07 03:13:30
231,Goundam,16.4145,-3.6708,89.6,20,66,5.21,ML,2022-05-07 03:13:31
232,Saint-Augustin,51.226,-58.6502,28.9,61,70,14.0,CA,2022-05-07 03:13:32
233,Staryy Nadym,65.6118,72.6842,16.47,86,74,15.32,RU,2022-05-07 03:13:32
234,Nanortalik,60.1432,-45.2371,34.52,99,100,4.07,GL,2022-05-07 03:13:33
235,Esperance,-33.8667,121.9,64.98,45,0,10.18,AU,2022-05-07 03:13:34
236,Avera,33.194,-82.5271,71.65,50,0,13.13,US,2022-05-07 03:13:35
237,Palmer,42.1584,-72.3287,54.91,78,100,0.0,US,2022-05-07 03:12:10
238,Husavik,66.0449,-17.3389,34.07,72,99,11.1,IS,2022-05-07 03:13:36
239,Tual,-5.6667,132.75,85.39,71,91,19.71,ID,2022-05-07 03:13:37
240,Tuktoyaktuk,69.4541,-133.0374,28.4,86,100,4.61,CA,2022-05-07 03:13:37
241,Nishihara,26.1842,127.7558,80.26,78,75,14.97,JP,2022-05-07 03:13:38
242,Omsukchan,62.5333,155.8,30.43,88,100,3.96,RU,2022-05-07 03:13:39
243,Tasiilaq,65.6145,-37.6368,24.96,62,84,4.54,GL,2022-05-07 03:04:56
244,Beyneu,45.3167,55.2,60.89,48,58,21.25,KZ,2022-05-07 03:13:39
245,Bandarbeyla,9.4942,50.8122,81.27,85,31,10.54,SO,2022-05-07 03:13:40
246,Halifax,44.6453,-63.5724,41.22,79,49,6.33,CA,2022-05-07 03:11:52
247,Hambantota,6.1241,81.1185,82.74,94,75,2.3,LK,2022-05-07 03:03:43
248,Karratha,-20.7377,116.8463,82.69,41,0,21.07,AU,2022-05-07 03:13:41
249,Ranipur,27.2879,68.5051,96.04,16,0,9.84,PK,2022-05-07 03:13:42
250,Vanimo,-2.6741,141.3028,86.09,70,62,9.04,PG,2022-05-07 03:13:42
251,Lagoa,39.05,-27.9833,59.7,70,44,5.53,PT,2022-05-07 03:13:43
252,Oranjemund,-28.55,16.4333,57.11,92,100,15.77,NA,2022-05-07 03:13:43
253,Bay City,43.5945,-83.8889,53.71,59,0,17.27,US,2022-05-07 03:13:44
254,Eenhana,-17.4667,16.3333,58.53,55,0,6.46,NA,2022-05-07 03:04:17
255,Behbahan,30.5959,50.2417,75.67,46,60,8.16,IR,2022-05-07 03:13:45
256,Ambilobe,-13.2,49.05,69.33,90,1,2.89,MG,2022-05-07 03:13:46
257,East London,-33.0153,27.9116,65.93,80,97,11.77,ZA,2022-05-07 03:13:46
258,Shiyan,32.6475,110.7781,70.63,56,5,14.18,CN,2022-05-07 03:13:47
259,Saskylakh,71.9167,114.0833,16.72,85,93,20.8,RU,2022-05-07 03:13:48
260,Vysokogornyy,50.1167,139.15,48.07,49,97,1.81,RU,2022-05-07 03:13:48
261,Millville,39.4021,-75.0393,50.88,96,100,8.05,US,2022-05-07 03:13:49
262,Puerto Baquerizo Moreno,-0.9,-89.6,72.12,90,83,8.66,EC,2022-05-07 03:13:49
263,At-Bashi,41.1702,75.8106,57.69,57,81,1.81,KG,2022-05-07 03:13:50
264,Kingaroy,-26.5333,151.8333,66.24,100,100,6.91,AU,2022-05-07 03:13:51
265,Pangkalanbuun,-2.6833,111.6167,91.65,55,40,2.59,ID,2022-05-07 03:13:51
266,San Patricio,28.017,-97.5169,80.49,80,13,14.72,US,2022-05-07 03:13:52
267,Tanout,14.9709,8.8879,86.5,22,99,10.33,NE,2022-05-07 03:13:52
268,Bereda,43.2686,-7.5406,48.42,98,36,2.64,ES,2022-05-07 03:13:53
269,Minsk,53.9,27.5667,49.75,90,100,6.44,BY,2022-05-07 03:11:40
270,Nemuro,43.3236,145.575,48.16,91,38,20.71,JP,2022-05-07 03:13:53
271,Luderitz,-26.6481,15.1594,56.23,86,0,16.33,NA,2022-05-07 03:13:54
272,Shimsk,58.212,30.7127,43.09,95,18,6.24,RU,2022-05-07 03:13:55
273,Vanavara,60.34,102.2797,53.87,52,6,7.85,RU,2022-05-07 03:13:55
274,General Roca,-39.0333,-67.5833,59.77,37,92,7.67,AR,2022-05-07 03:13:56
275,Maua,-23.6678,-46.4614,61.09,85,12,3.78,BR,2022-05-07 03:13:56
276,Petropavlovka,50.6114,105.3196,56.12,50,79,6.62,RU,2022-05-07 03:14:57
277,Mwinilunga,-11.7358,24.4293,62.11,80,87,3.04,ZM,2022-05-07 03:14:58
278,Ust-Maya,60.4167,134.5333,43.52,49,100,11.07,RU,2022-05-07 03:14:58
279,Saint-Philippe,-21.3585,55.7679,69.39,84,46,11.95,RE,2022-05-07 03:05:20
280,Tamisan,6.8437,126.2984,85.12,73,84,10.6,PH,2022-05-07 03:14:59
281,Wattegama,6.7989,81.4808,85.03,70,27,0.83,LK,2022-05-07 03:15:00
282,Roald,62.5833,6.1333,43.16,75,100,13.8,NO,2022-05-07 03:15:00
283,Almaty,43.25,76.95,60.71,88,100,8.95,KZ,2022-05-07 03:11:28
284,Palmares Do Sul,-30.2578,-50.5097,57.88,80,99,1.92,BR,2022-05-07 03:15:01
285,Markova,48.6758,24.4138,47.43,93,85,3.4,UA,2022-05-07 03:15:02
286,Beloha,-25.1667,45.05,70.39,81,89,5.84,MG,2022-05-07 03:15:03
287,Bosaso,11.2842,49.1816,86.4,51,52,7.81,SO,2022-05-07 03:15:03
288,Gravelbourg,49.8834,-106.5512,61.07,33,25,14.79,CA,2022-05-07 03:15:04
289,Enkoping,59.6361,17.0777,53.64,86,99,9.8,SE,2022-05-07 03:15:06
290,Lata,40.1629,-8.3327,54.07,74,25,3.15,PT,2022-05-07 03:15:06
291,Cap Malheureux,-19.9842,57.6142,75.47,69,0,3.0,MU,2022-05-07 03:15:07
292,Dingle,10.9995,122.6711,88.79,59,16,13.06,PH,2022-05-07 03:15:07
293,Havoysund,70.9963,24.6622,39.43,90,100,16.8,NO,2022-05-07 03:15:08
294,Mouila,-1.8685,11.0559,74.01,99,100,2.26,GA,2022-05-07 03:15:09
295,Anadyr,64.75,177.4833,33.49,86,92,8.14,RU,2022-05-07 03:15:09
296,Qaqortoq,60.7167,-46.0333,34.54,97,100,6.06,GL,2022-05-07 03:15:10
297,Los Llanos De Aridane,28.6585,-17.9182,60.55,54,0,10.36,ES,2022-05-07 03:15:10
298,Jacareacanga,-6.2222,-57.7528,73.27,99,93,0.96,BR,2022-05-07 03:15:11
299,Thompson,55.7435,-97.8558,55.56,54,100,2.3,CA,2022-05-07 03:15:12
300,Sakaiminato,35.55,133.2333,70.05,67,68,13.62,JP,2022-05-07 03:15:12
301,Soyo,-6.1349,12.3689,76.77,91,86,2.39,AO,2022-05-07 03:15:13
302,Cherechiu,47.3833,22.1333,55.4,86,94,2.39,RO,2022-05-07 03:15:14
303,Yumen,40.2833,97.2,64.53,12,100,14.45,CN,2022-05-07 03:15:14
304,Inhambane,-23.865,35.3833,67.8,89,0,3.24,MZ,2022-05-07 03:15:15
305,Islamkot,24.6997,70.177,86.61,47,0,18.57,PK,2022-05-07 03:15:16
306,Altagracia De Orituco,9.8601,-66.3814,73.04,93,100,0.76,VE,2022-05-07 03:15:17
307,Asau,46.4333,26.4,43.72,71,92,3.47,RO,2022-05-07 03:13:59
308,Muroto,33.2833,134.15,67.17,71,1,3.62,JP,2022-05-07 03:15:18
309,Ferrol,43.4832,-8.2369,56.26,78,19,6.64,ES,2022-05-07 03:15:18
310,Basco,20.4487,121.9702,83.28,73,79,11.63,PH,2022-05-07 03:15:19
311,Conde,-7.2597,-34.9075,72.86,100,100,3.44,BR,2022-05-07 03:15:19
312,Guerrero Negro,27.9769,-114.0611,61.39,86,1,14.03,MX,2022-05-07 03:13:20
313,Arzgir,45.3728,44.2206,45.07,64,100,12.57,RU,2022-05-07 03:15:20
314,Kudahuvadhoo,2.6708,72.8944,84.15,76,98,14.36,MV,2022-05-07 03:15:21
315,Paramonga,-10.6667,-77.8333,64.87,88,23,5.7,PE,2022-05-07 03:15:21
316,La Rioja,42.25,-2.5,38.98,89,74,4.72,ES,2022-05-07 03:15:22
317,Abnub,27.2696,31.1511,63.63,38,3,5.55,EG,2022-05-07 03:15:22
318,Sao Filipe,14.8961,-24.4956,74.1,75,28,8.05,CV,2022-05-07 03:15:23
319,Marsa Matruh,31.3525,27.2453,61.02,65,37,4.83,EG,2022-05-07 03:15:23
320,Freeport,40.6576,-73.5832,50.99,85,100,10.36,US,2022-05-07 03:14:02
321,Esil,51.9556,66.4042,43.54,33,5,11.54,KZ,2022-05-07 03:15:24
322,Tura,25.5198,90.2201,84.94,54,0,1.83,IN,2022-05-07 03:15:25
323,Charters Towers,-20.1,146.2667,84.06,49,100,10.78,AU,2022-05-07 03:16:25
324,Buala,-8.145,159.5921,85.57,71,100,8.7,SB,2022-05-07 03:16:26
325,Yablochnyy,47.1661,142.0661,48.06,82,100,0.43,RU,2022-05-07 03:16:26
326,Iquique,-20.2208,-70.1431,64.44,80,65,3.8,CL,2022-05-07 03:16:27
327,Grindavik,63.8424,-22.4338,41.47,70,75,12.66,IS,2022-05-07 03:16:27
328,Manggar,-2.8833,108.2667,87.04,67,72,7.16,ID,2022-05-07 03:16:28
329,Abu Samrah,35.3029,37.1841,53.92,73,22,10.94,SY,2022-05-07 03:16:28
330,Neiafu,-18.65,-173.9833,83.08,74,75,5.75,TO,2022-05-07 03:16:29
331,Te Anau,-45.4167,167.7167,61.38,67,98,5.82,NZ,2022-05-07 03:16:30
332,Escanaba,45.7453,-87.0646,50.31,71,0,1.01,US,2022-05-07 03:16:30
333,Naica,27.85,-105.4833,79.68,8,0,6.67,MX,2022-05-07 03:16:31
334,Haines Junction,60.7522,-137.5108,46.35,34,100,9.22,CA,2022-05-07 03:16:31
335,Nara,34.6851,135.8049,79.5,32,16,2.04,JP,2022-05-07 03:16:36
336,Abu Dhabi,24.4667,54.3667,87.91,47,0,17.27,AE,2022-05-07 03:16:37
337,Cortez,37.3489,-108.5859,62.04,25,0,0.0,US,2022-05-07 03:16:37
338,Vikulovo,56.8167,70.6107,37.51,51,37,15.95,RU,2022-05-07 03:16:38
339,Faanui,-16.4833,-151.75,81.86,71,11,0.87,PF,2022-05-07 03:16:38
340,Sal Rei,16.1833,-22.9167,70.72,84,62,17.07,CV,2022-05-07 03:16:39
341,Moranbah,-22.0016,148.0466,76.08,70,95,16.71,AU,2022-05-07 03:16:39
342,Fereydunshahr,32.941,50.121,45.88,73,0,4.5,IR,2022-05-07 03:16:40
343,Yaan,7.3833,8.5667,75.15,83,96,3.98,NG,2022-05-07 03:16:41
344,Tulagi,-9.0996,160.1476,83.89,75,79,13.56,SB,2022-05-07 03:16:41
345,Tabou,4.423,-7.3528,80.11,86,89,8.1,CI,2022-05-07 03:16:42
346,Port Hueneme,34.1478,-119.1951,73.78,74,0,4.61,US,2022-05-07 03:16:42
347,Virginia Beach,36.8529,-75.978,68.04,96,75,3.44,US,2022-05-07 03:16:13
348,Manzini,-26.25,31.5,58.8,46,0,4.54,SZ,2022-05-07 03:16:43
349,Kropotkin,45.4375,40.5756,45.39,65,100,15.93,RU,2022-05-07 03:16:43
350,San Carlos,9.6612,-68.5827,73.24,96,100,1.61,VE,2022-05-07 03:16:44
351,Maragogi,-9.0122,-35.2225,77.32,82,19,7.02,BR,2022-05-07 03:16:45
352,La Sarre,48.8002,-79.1996,32.25,64,0,6.69,CA,2022-05-07 03:12:38
353,Lamu,-2.2717,40.902,73.62,85,89,13.42,KE,2022-05-07 03:16:47
354,Clinton,42.587,-82.9199,58.21,57,75,18.41,US,2022-05-07 03:14:56
355,Brownsville,25.9018,-97.4975,81.09,86,75,9.22,US,2022-05-07 03:16:48
356,Ganzhou,28.8184,115.4327,78.28,66,100,1.43,CN,2022-05-07 03:16:48
357,Tiksi,71.6872,128.8694,17.85,82,10,18.34,RU,2022-05-07 03:16:49
358,Umm Lajj,25.0213,37.2685,72.68,49,2,9.06,SA,2022-05-07 03:16:50
359,Taiyuan,37.8694,112.5603,53.46,54,20,17.9,CN,2022-05-07 03:16:50
360,Udachnyy,66.4167,112.4,30.45,58,100,8.1,RU,2022-05-07 03:16:51
361,Magadan,59.5667,150.8,33.53,98,100,19.42,RU,2022-05-07 03:16:51
362,Flin Flon,54.7682,-101.865,49.12,93,100,12.33,CA,2022-05-07 03:15:15
363,Nizwa,22.9333,57.5333,79.3,49,0,2.64,OM,2022-05-07 03:16:52
364,Baruun-Urt,46.6806,113.2792,48.97,14,100,11.23,MN,2022-05-07 03:16:53
365,Launceston,-41.45,147.1667,58.33,83,100,10.36,AU,2022-05-07 03:16:53
366,Hinton,53.4001,-117.5857,45.21,52,60,9.55,CA,2022-05-07 03:15:16
367,Jishu,44.3167,126.8,55.13,20,64,15.19,CN,2022-05-07 03:16:54
368,Ejido,8.5514,-71.2375,69.73,93,100,2.08,VE,2022-05-07 03:16:55
369,Lodja,-3.4833,23.4333,68.99,98,100,1.74,CD,2022-05-07 03:17:55
370,Lucapa,-8.4192,20.7447,67.44,80,98,1.59,AO,2022-05-07 03:17:56
371,Aitape,-3.1374,142.3475,85.46,75,52,8.16,PG,2022-05-07 03:17:56
372,Burnie,-41.0667,145.9167,58.95,58,7,18.14,AU,2022-05-07 03:14:12
373,Rabo De Peixe,37.8,-25.5833,64.27,82,75,4.61,PT,2022-05-07 03:17:57
374,Gold Coast,-28.0,153.4333,75.27,69,40,10.36,AU,2022-05-07 03:17:58
375,Sibiti,-3.6819,13.3499,69.78,98,100,2.33,CG,2022-05-07 03:17:58
376,Oytal,42.9057,73.2697,69.49,53,4,2.98,KZ,2022-05-07 03:17:59
377,Sitamau,24.0167,75.35,91.24,24,50,7.18,IN,2022-05-07 03:17:59
378,Noumea,-22.2763,166.4572,82.38,99,34,16.31,NC,2022-05-07 03:18:00
379,Candido De Abreu,-24.5669,-51.3333,56.44,94,0,2.59,BR,2022-05-07 03:18:01
380,Oranjestad,12.524,-70.027,80.55,78,40,16.11,AW,2022-05-07 03:18:01
381,Bisira,8.5196,-81.7115,60.3,91,100,2.82,PA,2022-05-07 03:18:02
382,Wilmington,34.2257,-77.9447,75.11,83,20,11.5,US,2022-05-07 03:16:39
383,Kachkanar,58.7,59.4948,38.41,60,66,8.55,RU,2022-05-07 03:18:02
384,Kavaratti,10.5669,72.642,85.06,72,92,14.45,IN,2022-05-07 03:18:03
385,Cockburn Town,21.4612,-71.1419,78.46,80,1,15.93,TC,2022-05-07 03:18:03
386,Sioux Lookout,50.1001,-91.917,43.86,86,98,9.71,CA,2022-05-07 03:13:41
387,Shumskiy,54.8318,99.1328,67.01,28,38,8.39,RU,2022-05-07 03:18:04
388,Jalu,29.0331,21.5482,72.82,19,100,16.64,LY,2022-05-07 03:18:05
389,Mulege,26.8833,-111.9833,76.06,32,0,1.54,MX,2022-05-07 03:18:06
390,Geraldton,-28.7667,114.6,77.41,29,0,12.66,AU,2022-05-07 03:18:06
391,Senno,59.5336,33.9167,42.26,92,24,6.4,RU,2022-05-07 03:18:07
392,Tumut,-35.3,148.2167,54.54,51,49,12.37,AU,2022-05-07 03:18:08
393,Santa Lucia,27.9117,-15.5407,56.52,77,20,19.57,ES,2022-05-07 03:18:08
394,Asbestos,45.7668,-71.9324,36.95,67,3,5.7,CA,2022-05-07 03:18:09
395,Thurso,58.5927,-3.5259,39.45,81,38,6.96,GB,2022-05-07 03:18:09
396,Sao Felix Do Xingu,-6.6447,-51.995,71.31,98,38,1.23,BR,2022-05-07 03:18:10
397,Bilma,18.6853,12.9164,87.64,15,100,5.95,NE,2022-05-07 03:18:11
398,Minab,27.1467,57.0801,82.27,58,0,3.24,IR,2022-05-07 03:18:11
399,Lake Charles,30.2131,-93.2044,76.98,95,0,8.05,US,2022-05-07 03:18:05
400,Kawambwa,-9.7915,29.0791,58.84,90,83,4.32,ZM,2022-05-07 03:18:12
401,Zarubino,42.63,131.0922,54.39,39,27,14.63,RU,2022-05-07 03:18:13
402,Murgab,37.4966,61.9714,75.07,57,40,4.61,TM,2022-05-07 03:18:13
403,Xining,36.6167,101.7667,67.55,33,1,3.44,CN,2022-05-07 03:17:53
404,Carnarvon,-24.8667,113.6333,87.87,19,71,10.36,AU,2022-05-07 03:18:14
405,Mae Hong Son,19.3003,97.9685,78.94,83,75,2.3,TH,2022-05-07 03:18:14
406,Isangel,-19.55,169.2667,79.61,67,7,17.72,VU,2022-05-07 03:18:15
407,Russell,32.3502,-85.1999,71.2,64,0,9.1,US,2022-05-07 03:18:15
408,Ewo,-0.8725,14.8206,73.53,92,100,2.24,CG,2022-05-07 03:18:16
409,Lazaro Cardenas,17.9583,-102.2,76.06,77,6,5.08,MX,2022-05-07 03:18:17
410,Palma,39.5694,2.6502,63.03,54,59,5.61,ES,2022-05-07 03:18:17
411,Saurimo,-9.6608,20.3916,69.62,67,100,2.1,AO,2022-05-07 03:18:18
412,Northam,51.0333,-4.2167,52.39,96,10,5.41,GB,2022-05-07 03:18:19
413,Bambous Virieux,-20.3428,57.7575,75.45,83,40,16.11,MU,2022-05-07 03:18:19
414,Dayong,25.0209,118.2898,79.03,60,100,2.73,CN,2022-05-07 03:18:20
415,Acapulco,16.8634,-99.8901,80.42,74,75,6.91,MX,2022-05-07 03:15:47
416,Broken Hill,-31.95,141.4333,58.84,41,0,8.46,AU,2022-05-07 03:18:20
417,Ust-Nera,64.5667,143.2,33.01,79,100,5.55,RU,2022-05-07 03:19:21
418,Zheleznodorozhnyy,55.7503,38.0042,50.43,71,71,5.26,RU,2022-05-07 03:19:21
419,Saint-Ambroise,48.5501,-71.3324,32.31,70,26,3.85,CA,2022-05-07 03:16:49
420,Quzhou,28.9594,118.8686,81.39,57,96,4.76,CN,2022-05-07 03:19:22
421,Manokwari,-0.8667,134.0833,84.45,71,88,6.82,ID,2022-05-07 03:19:22
422,Suoyarvi,62.0833,32.35,42.87,84,100,7.14,RU,2022-05-07 03:19:23
423,Kondinskoye,59.6481,67.41,28.35,78,67,7.14,RU,2022-05-07 03:19:23
424,College,64.8569,-147.8028,47.59,83,75,0.0,US,2022-05-07 03:19:24
425,Cururupu,-1.8283,-44.8683,74.55,95,81,3.44,BR,2022-05-07 03:19:24
426,Kununurra,-15.7667,128.7333,85.98,23,0,16.11,AU,2022-05-07 03:19:25
427,Numaligarh,26.6333,93.75,76.68,81,94,1.59,IN,2022-05-07 03:19:26
428,Murchison,-41.8,172.3333,66.63,59,84,2.82,NZ,2022-05-07 03:19:26
429,Doha,25.2867,51.5333,85.98,54,98,10.36,QA,2022-05-07 03:16:46
430,Jieshi,22.8134,115.8257,83.95,63,99,10.76,CN,2022-05-07 03:19:27
431,Chicama,-7.8447,-79.1469,63.14,83,74,5.88,PE,2022-05-07 03:19:27
432,Sandwick,60.0,-1.25,39.02,87,20,5.75,GB,2022-05-07 03:17:27
433,Gwadar,25.1216,62.3254,79.75,79,0,6.6,PK,2022-05-07 03:14:55
434,Wanning,18.8003,110.3967,80.29,88,81,7.65,CN,2022-05-07 03:19:28
435,Sinnamary,5.3833,-52.95,76.87,91,100,7.14,GF,2022-05-07 03:19:29
436,Yeppoon,-23.1333,150.7333,80.38,64,100,9.89,AU,2022-05-07 03:19:29
437,Guadix,37.2993,-3.1392,55.31,37,5,3.62,ES,2022-05-07 03:19:30
438,Provost,52.3501,-110.2683,57.65,71,80,9.37,CA,2022-05-07 03:19:30
439,Vestmannaeyjar,63.4427,-20.2734,41.77,65,99,11.48,IS,2022-05-07 03:19:31
440,Zverinogolovskoye,54.4586,64.8542,42.3,45,0,10.09,RU,2022-05-07 03:19:32
441,Ponnani,10.767,75.9252,79.92,74,17,8.93,IN,2022-05-07 03:19:32
442,Tabory,58.5198,64.5495,33.76,79,6,6.42,RU,2022-05-07 03:19:33
443,Derzhavinsk,51.1,66.3167,43.79,34,96,15.9,KZ,2022-05-07 03:19:33
444,Kroya,-7.6331,109.2461,85.12,73,85,2.86,ID,2022-05-07 03:19:34
445,Jaguaribe,-5.8906,-38.6219,75.06,78,92,2.21,BR,2022-05-07 03:19:34
446,Kutum,14.2,24.6667,71.01,18,93,6.51,SD,2022-05-07 03:19:35
447,Armizonskoye,55.9461,67.6736,38.89,49,1,15.14,RU,2022-05-07 03:19:35
448,Solnechnyy,50.7214,136.6319,47.95,54,48,3.49,RU,2022-05-07 03:19:36
449,Suez,29.9737,32.5263,58.69,64,0,5.73,EG,2022-05-07 03:19:36
450,Lavumisa,-27.31,31.892,59.09,68,0,3.15,SZ,2022-05-07 03:19:37
451,Morobuan,10.6257,122.5547,89.31,59,8,12.15,PH,2022-05-07 03:19:37
452,Ust-Kuyga,70.0167,135.6,22.24,88,100,23.73,RU,2022-05-07 03:19:38
453,Champerico,14.3,-91.9167,83.95,74,45,6.2,GT,2022-05-07 03:19:38
454,Saint-Francois,46.4154,3.9054,43.68,93,20,3.44,FR,2022-05-07 03:19:39
455,Khawhai,23.3667,93.1167,74.73,55,3,0.43,IN,2022-05-07 03:19:39
456,Evensk,61.95,159.2333,31.51,99,100,3.42,RU,2022-05-07 03:19:40
457,Cabo San Lucas,22.8909,-109.9124,74.61,61,0,12.39,MX,2022-05-07 03:17:30
458,Kantang,7.4054,99.5156,84.97,99,20,3.44,TH,2022-05-07 03:19:41
459,Mackenzie,55.2999,-123.1698,41.22,93,100,4.61,CA,2022-05-07 03:19:41
460,Novosheshminsk,55.0651,51.2338,42.85,68,91,6.33,RU,2022-05-07 03:19:42
461,Ialibu,-6.2821,143.9935,67.95,81,71,2.82,PG,2022-05-07 03:19:42
462,Tamandare,-8.7597,-35.1047,77.56,81,8,7.2,BR,2022-05-07 03:20:43
463,Totness,5.8833,-56.3167,76.96,92,100,10.49,SR,2022-05-07 03:20:43
464,Kresna,41.7333,23.15,55.26,95,100,1.66,BG,2022-05-07 03:20:44
465,Fomboni,-12.28,43.7425,81.48,71,9,14.0,KM,2022-05-07 03:20:44
466,Bongandanga,1.5,21.05,70.36,99,100,0.51,CD,2022-05-07 03:20:45
467,Peru,40.7537,-86.0689,53.53,92,100,3.44,US,2022-05-07 03:18:23
468,Kabompo,-13.5927,24.2008,63.63,69,100,2.55,ZM,2022-05-07 03:20:45
469,Hualmay,-11.0964,-77.6139,64.69,88,4,6.11,PE,2022-05-07 03:20:46
470,Mahebourg,-20.4081,57.7,76.24,83,40,16.11,MU,2022-05-07 03:20:46
471,Monrovia,6.3005,-10.7969,78.93,86,90,5.93,LR,2022-05-07 03:20:47
472,Oktyabrskoye,43.0645,44.7417,41.14,100,100,2.24,RU,2022-05-07 03:20:48
473,Gizo,-8.103,156.8419,85.57,68,100,3.62,SB,2022-05-07 03:20:48
474,Gondar,12.6,37.4667,64.31,47,33,3.27,ET,2022-05-07 03:20:49
475,Maracacume,-2.0428,-45.9592,72.95,98,68,2.57,BR,2022-05-07 03:20:49
476,Baturaja,-4.1333,104.1667,86.94,64,63,3.58,ID,2022-05-07 03:20:50
477,Bathsheba,13.2167,-59.5167,81.21,78,40,14.97,BB,2022-05-07 03:20:50
478,Edea,3.8,10.1333,75.11,99,100,0.36,CM,2022-05-07 03:20:51
479,Kaeo,-35.1,173.7833,68.32,74,57,7.92,NZ,2022-05-07 03:20:51
480,Tiarei,-17.5333,-149.3333,82.0,79,14,7.85,PF,2022-05-07 03:20:52
481,Lorengau,-2.0226,147.2712,84.54,77,53,10.02,PG,2022-05-07 03:20:52
482,Cumadcad,12.9806,123.7892,89.13,58,10,8.72,PH,2022-05-07 03:20:53
483,Wajid,3.8093,43.2471,73.72,86,14,12.17,SO,2022-05-07 03:20:53
484,Durango,24.8333,-104.8333,72.59,21,24,7.83,MX,2022-05-07 03:17:50
485,Rawson,-43.3002,-65.1023,62.51,43,83,20.8,AR,2022-05-07 03:20:54
486,Sydney Mines,46.2367,-60.2177,37.4,79,75,6.91,CA,2022-05-07 03:20:54
487,Praia Da Vitoria,38.7333,-27.0667,55.76,100,0,7.18,PT,2022-05-07 03:20:55
488,Kolpashevo,58.3131,82.9089,32.0,60,100,26.35,RU,2022-05-07 03:20:56
489,Ust-Kulom,61.6864,53.6902,41.13,85,100,8.86,RU,2022-05-07 03:20:56
490,Nelson Bay,-32.7167,152.15,64.99,48,100,3.0,AU,2022-05-07 03:20:57
491,Wewak,-3.5534,143.6268,86.04,70,28,8.68,PG,2022-05-07 03:20:57
492,Warwick,41.7001,-71.4162,53.55,89,100,5.75,US,2022-05-07 03:20:57
493,Bushehr,28.9684,50.8385,84.29,51,75,4.61,IR,2022-05-07 03:20:58
494,Mozarlandia,-14.7447,-50.5706,74.68,58,2,6.33,BR,2022-05-07 03:20:59
495,Roseburg,43.2165,-123.3417,54.18,82,100,0.0,US,2022-05-07 03:20:57
496,Kamina,-8.7386,24.9906,63.28,86,64,3.22,CD,2022-05-07 03:20:59
497,Port Hardy,50.6996,-127.4199,48.38,66,20,10.36,CA,2022-05-07 03:21:00
498,Khandyga,62.6667,135.6,39.31,63,60,8.99,RU,2022-05-07 03:21:00
499,Kandrian,-6.2167,149.55,85.12,73,99,8.52,PG,2022-05-07 03:21:01
500,Grand-Santi,4.25,-54.3833,72.84,100,100,1.3,GF,2022-05-07 03:21:01
501,Kaga,36.2997,136.3145,69.73,60,20,20.71,JP,2022-05-07 03:21:02
502,Farkhor,37.4922,69.4036,75.45,45,0,5.12,TJ,2022-05-07 03:21:02
503,Les Escoumins,48.1111,-69.0236,36.75,73,71,5.64,CA,2022-05-07 03:21:03
504,Sivas,39.7916,37.0019,38.03,100,75,12.66,TR,2022-05-07 03:21:04
505,Havre-Saint-Pierre,50.2334,-63.5986,32.0,51,0,10.36,CA,2022-05-07 03:21:04
506,Tongliao,43.6125,122.2653,58.84,12,0,12.75,CN,2022-05-07 03:21:05
507,Vegreville,53.5001,-112.0518,50.7,64,95,2.3,CA,2022-05-07 03:21:05
508,Lere,10.387,8.5726,75.99,68,100,3.87,NG,2022-05-07 03:21:06
509,Kieta,-6.2167,155.6333,85.23,70,17,6.04,PG,2022-05-07 03:22:06
510,El Copey,10.1503,-73.9614,76.03,86,100,1.79,CO,2022-05-07 03:22:07
511,Sibolga,1.7427,98.7792,76.39,96,100,1.9,ID,2022-05-07 03:22:07
512,Danville,36.586,-79.395,63.16,94,100,4.61,US,2022-05-07 03:22:08
513,Pekalongan,-6.8886,109.6753,85.82,69,57,3.74,ID,2022-05-07 03:22:08
514,Emerald,-23.5333,148.1667,74.34,56,100,10.8,AU,2022-05-07 03:19:55
515,Naurskaya,43.6519,45.3133,45.54,95,100,8.28,RU,2022-05-07 03:22:09
516,Yelizovo,53.1873,158.3805,59.14,38,0,13.42,RU,2022-05-07 03:22:09
517,Mikumi,-7.4041,36.9831,67.35,96,75,2.15,TZ,2022-05-07 03:22:10
518,Bukachacha,52.9833,116.9167,58.55,13,39,6.82,RU,2022-05-07 03:22:10
519,Aban,56.67,96.06,60.6,45,100,16.93,RU,2022-05-07 03:22:11
520,Songjianghe,42.1859,127.479,48.67,21,84,14.14,CN,2022-05-07 03:22:11
521,Chauk,20.8833,94.8167,92.93,42,11,5.32,MM,2022-05-07 03:22:12
522,Alyangula,-13.8483,136.4192,83.21,62,35,17.56,AU,2022-05-07 03:22:13
523,Roebourne,-20.7833,117.1333,82.69,40,1,19.6,AU,2022-05-07 03:22:13
524,Barnstead,43.334,-71.2928,52.84,62,100,5.7,US,2022-05-07 03:22:14
525,Mahon,39.8885,4.2658,63.16,67,0,12.66,ES,2022-05-07 03:22:14
526,Cherskiy,68.75,161.3,32.79,100,100,2.89,RU,2022-05-07 03:22:15
527,Kyshtovka,56.555,76.6271,37.06,37,12,22.35,RU,2022-05-07 03:22:15
528,Bahile,9.9995,118.7878,89.47,59,18,2.73,PH,2022-05-07 03:22:16
529,Port Lincoln,-34.7333,135.8667,62.19,55,21,10.6,AU,2022-05-07 03:22:16
530,The Valley,18.217,-63.0578,78.82,74,25,17.54,AI,2022-05-07 03:22:17
531,Vestmanna,62.1564,-7.1664,32.92,86,20,1.14,FO,2022-05-07 03:22:17
532,Langxiang,46.95,128.8833,47.19,42,41,11.63,CN,2022-05-07 03:22:18
533,Disna,55.568,28.1971,48.58,94,100,7.43,BY,2022-05-07 03:22:18
534,Santa Cruz,-17.8,-63.1667,62.06,77,0,6.91,BO,2022-05-07 03:21:04
535,Machali,-34.1833,-70.6667,59.04,49,0,2.86,CL,2022-05-07 03:22:19
536,Olafsvik,64.8945,-23.7142,39.34,82,100,16.91,IS,2022-05-07 03:22:19
537,Atlantic City,39.3643,-74.4229,50.18,93,100,18.41,US,2022-05-07 03:22:20
538,Ararat,39.8317,44.7049,46.74,80,14,2.82,AM,2022-05-07 03:22:20
539,Bayonne,43.3333,-1.4167,55.96,88,100,5.75,FR,2022-05-07 03:20:42
540,Nantucket,41.2835,-70.0995,51.91,93,100,6.91,US,2022-05-07 03:22:21
541,Alakurtti,66.9672,30.3491,39.9,80,100,8.77,RU,2022-05-07 03:22:22
542,Carballo,43.213,-8.691,53.87,95,12,4.0,ES,2022-05-07 03:18:46
543,Tateyama,34.9833,139.8667,72.1,82,96,9.6,JP,2022-05-07 03:22:22
544,Requena,39.4883,-1.1004,48.52,75,0,4.94,ES,2022-05-07 03:22:23
545,Bagua Grande,-5.7561,-78.4411,74.14,86,38,1.19,PE,2022-05-07 03:22:23
546,Kyra,49.5776,111.9753,52.92,18,100,17.31,RU,2022-05-07 03:22:24
547,Barra Do Garcas,-15.89,-52.2567,69.67,68,0,2.68,BR,2022-05-07 03:22:24
548,Mount Gambier,-37.8333,140.7667,55.74,83,100,10.74,AU,2022-05-07 03:22:25
549,Tuy Hoa,13.0833,109.3,83.73,73,69,7.9,VN,2022-05-07 03:22:25
550,Bonavista,48.6499,-53.1147,32.63,80,89,17.72,CA,2022-05-07 03:22:26
551,Benguela,-12.5763,13.4055,75.74,69,59,3.09,AO,2022-05-07 03:22:26
552,Corum,40.5,34.75,40.3,86,99,2.1,TR,2022-05-07 03:22:27
553,Bulgan,48.8125,103.5347,52.21,52,16,2.57,MN,2022-05-07 03:22:27
554,La Asuncion,11.0333,-63.8628,80.33,83,100,17.27,VE,2022-05-07 03:22:28
555,San Jose De Sisa,-6.6167,-76.6915,74.39,88,100,2.53,PE,2022-05-07 03:22:28
556,Xinpu,34.5997,119.1594,61.63,73,99,18.72,CN,2022-05-07 03:22:29
557,Trebisacce,39.8708,16.5312,60.35,94,98,5.97,IT,2022-05-07 03:22:29
558,Cayenne,4.9333,-52.3333,77.09,1,75,0.0,GF,2022-05-07 03:23:13
559,Port Macquarie,-31.4333,152.9167,64.89,69,99,3.89,AU,2022-05-07 03:23:30
560,Duvan,55.695,57.9024,39.7,61,0,8.08,RU,2022-05-07 03:23:31
561,Booue,-0.0921,11.9385,73.44,99,100,0.81,GA,2022-05-07 03:23:31
562,Agadez,19.75,10.25,87.24,14,100,8.59,NE,2022-05-07 03:23:32
563,Ostrovnoy,68.0531,39.5131,36.93,86,79,21.34,RU,2022-05-07 03:23:32
564,Shunyi,40.125,116.6453,66.15,14,0,6.71,CN,2022-05-07 03:23:33
565,Yerbogachen,61.2767,108.0108,50.76,57,61,10.8,RU,2022-05-07 03:23:33
566,Yatou,37.15,122.3833,60.26,36,16,21.72,CN,2022-05-07 03:23:34
567,Jumla,29.2747,82.1838,61.66,61,9,4.99,NP,2022-05-07 03:23:34
568,Pimentel,-6.8367,-79.9342,65.12,87,43,11.74,PE,2022-05-07 03:23:35
569,Camana,-16.6228,-72.7111,66.04,88,61,5.06,PE,2022-05-07 03:23:35
570,Kupang,-10.1667,123.5833,86.59,67,78,13.65,ID,2022-05-07 03:23:36
571,Opuwo,-18.0607,13.84,59.2,44,0,1.48,NA,2022-05-07 03:23:36
572,Nea Apollonia,40.6333,23.45,57.63,92,97,1.54,GR,2022-05-07 03:23:37
573,Riviere-Au-Renard,48.9957,-64.3971,28.69,72,42,13.85,CA,2022-05-07 03:23:37
574,Coquimbo,-29.9533,-71.3436,55.13,94,100,3.44,CL,2022-05-07 03:20:26
575,Tigre,-34.426,-58.5796,64.4,91,0,0.0,AR,2022-05-07 03:23:38
576,Darnah,32.767,22.6367,64.96,45,27,15.77,LY,2022-05-07 03:23:38
577,Sobolevo,54.4299,31.8996,45.16,81,100,8.59,RU,2022-05-07 03:23:39
578,Maxixe,-23.8597,35.3472,62.42,94,0,0.0,MZ,2022-05-07 03:23:39
579,Carutapera,-1.195,-46.02,75.69,92,86,5.39,BR,2022-05-07 03:23:40
580,Buraydah,26.326,43.975,72.05,28,0,9.53,SA,2022-05-07 03:23:40
581,Severo-Yeniseyskiy,60.3725,93.0408,43.77,77,100,12.95,RU,2022-05-07 03:23:41
582,Shenjiamen,29.9576,122.298,67.87,85,100,5.28,CN,2022-05-07 03:23:41
583,Hovd,48.0056,91.6419,60.91,29,0,3.42,MN,2022-05-07 03:23:42
584,Hohhot,40.8106,111.6522,62.89,14,0,13.42,CN,2022-05-07 03:21:58
585,Tomatlan,19.9333,-105.25,70.77,87,93,2.57,MX,2022-05-07 03:23:43
586,Yulara,-25.2406,130.9889,62.44,31,0,14.97,AU,2022-05-07 03:23:43
587,Mnogovershinnyy,53.9353,139.9242,34.57,96,69,9.46,RU,2022-05-07 03:22:50
588,Miandoab,36.9694,46.1027,52.18,48,42,3.42,IR,2022-05-07 03:23:44
589,Mineral Wells,32.8085,-98.1128,77.27,64,0,10.36,US,2022-05-07 03:23:44
590,Ankazoabo,-22.2833,44.5167,70.41,74,74,4.12,MG,2022-05-07 03:23:45
591,Kidal,18.4411,1.4078,86.22,20,99,11.56,ML,2022-05-07 03:23:45
592,Mecca,21.4267,39.8261,72.81,37,0,7.96,SA,2022-05-07 03:23:46
593,Emmett,43.8735,-116.4993,71.49,69,81,4.72,US,2022-05-07 03:23:46
594,Paranapanema,-23.3886,-48.7228,53.64,97,1,6.67,BR,2022-05-07 03:23:47
595,Bandundu,-3.3167,17.3667,75.16,81,100,1.41,CD,2022-05-07 03:23:47
